<?xml version="1.0" encoding="UTF-8" ?>
<extension version="2.5" type="plugin" group="vmpayment">
    <name>Cloudbanking AIM</name>
    <creationDate>May 14 2017</creationDate>
    <author>The VirtueMart Development Team</author>
    <authorUrl>https://virtuemart.net</authorUrl>
    <copyright>Copyright (C) 2004 - 2017 Virtuemart Team. All rights reserved.</copyright>
    <license>http://www.gnu.org/licenses/gpl-2.0.html GNU/GPL</license>
    <version>3.2.2</version>
    <description>Cloudbanking AIM</description>
    <files>
        <filename plugin="cloudbanking">cloudbanking.php</filename>
        <folder>language</folder>
    </files>


    <vmconfig>
        <fields name="params">
            <fieldset name="basic" addfieldpath="/plugins/vmpayment/cloudbanking/cloudbanking/fields">
                <field type="spacer" default="VMPAYMENT_CLOUDBANKING_AIM" level="level1"/>
                <field type="spacer" default="VMPAYMENT_CLOUDBANKING_MUST_SSL" level="level1"/>

                <field type="vmtitle" default="VMPAYMENT_CLOUDBANKING_PARAMS" level="level1"/>
                <field name="hostname" type="text"  label="VMPAYMENT_CLOUDBANKING_AUTHKEY" description="VMPAYMENT_CLOUDBANKING_AUTHKEY_DESC"/>
                <field name="login_id" type="text" label="VMPAYMENT_CLOUDBANKING_API_VERSION"
                       description="VMPAYMENT_CLOUDBANKING_API_VERSION_DESC"/>
                <field name="sandbox_transaction_key" type="text" size="" default=""
                       label="VMPAYMENT_CLOUDBANKING_CUSTOMER_ID"
                       description="VMPAYMENT_CLOUDBANKING_CUSTOMER_ID_DESC"/>
                
            </fieldset>
        </fields>
    </vmconfig>

    <updateservers>
    </updateservers>
</extension>
